order determine gender difference baseline drug use treatment response compare male female cocaine abuser participate outpatient randomize clinical trial rct evaluate pharmacotherapie cocaine abuse	natural
participant n = 20 experience vision cause psychiatric condition i.e. additional pathology epilepsy substance abuse complete semi structured interview beck depression inventory bdi	natural
datum sexual abuse cope optimism sexual health outcome collect self report computerized questionnaire sample 889 young adult woman province quebec age 20 23 year old	natural
clinical trial contrast 2 intervention design link opioid dependent hospital patient drug abuse treatment	natural
finding consideration literature relevant trauma stress identification survivor sexual abuse suggest analytic attitude receptivity hypothesis event sexual abuse fantasy sexual abuse	natural
successively increase rate abuse find respondent report father mother parent substance abuse problem risk significantly elevate parent compare father substance abuse problem	natural
study characterize adult report physically abuse childhood examine association report type frequency abuse adult mental_health	natural
combined parentchild cognitivebehavioral therapy family risk child physical abuse cpc cbt model include parent child intervention	natural
verbal abuse common threat physical assault	natural
report case 55 year old patient background history multiple psychoactive substance misuse elaborate personal experience pregabalin abuse	natural
depressed subject relationship find level adversity associate onset index liability depression include risk md co twin parent level neuroticism risk future depressive episode co morbidity internalize disorder history sexual abuse	natural
study examine age exposure abuse associate subsequent depression suicidal ideation	natural
review literature suggest high prevalence substance abuse especially incarcerate	natural
matching procedure attempt eliminate confound social class family structure cast doubt previously hold belief risk factor child abuse	natural
cortisol 8 hydroxy-2 deoxyguanosine level decrease time elapse sexual abuse increase	natural
study provide evidence need comprehensively assess child abuse neglect young offender order provide appropriate treatment custody post release	natural
study seek assess barrier enhance readiness consent home planned parenthood hiv testing 60 patient mental_health substance abuse clinic rural appalachia	natural
juxtaposing right child shield harm abuse exploitation	natural
3 illustrate professional work area child sexual abuse immune process	natural
article review research evaluate relation type trauma particularly physical sexual abuse childhood health outcome pain gastrointestinal disorder cardiovascular disease	natural
author assess substance abuse counseling need woman criminal justice system interview n = 304 survey n = 1,170	natural
study examine sexual sequelae child sexual abuse csa sexual minority woman smw particularly smw date relationship	natural
tool sexual abuse addiction treatment couple therapy sex education hierarchy help individual understand need communication safety trust point authentic sexual intimacy peak experience human sexual relating	natural
author review series cocaine abuser successfully treat long term depth dynamic psychotherapy begin inpatient drug abuse unit continue hospitalization	natural
ptsd group significantly likely old female dutch history victimization previously perpetrate family violence low psychosocial occupational functioning non ptsd group group significantly high rate psychiatric history attention deficit hyperactivity disorder adhd antisocial personality disorder drug abuse previous repeat nonfamily violence perpetration	natural
strong relationship childhood abuse parent drug use childhood abuse pervasive devastating predictor dysfunctional outcome	natural
research currently appear provide good explanation remain abusive relationship factor enable woman end abuse summarize	natural
finding suggest degree woman willing abuse let anger partner play significant role intention remain relationship partner	natural
field study working adult study experimental study manipulate peer abusive supervision study find peer abusive supervision interact party prevention focus predict performance effort peer abuse positively relate party performance effort high prevention focus	natural
immigrant cohort help seek intention associate physical abuse vignette	natural
file substance abuse client distinct time period examine harrowing report childhood abuse	synthetic_negative
purpose study reveal disturbing detail date violence behavior adolescent victim child sexual abuse csa determine prevalence psychological physical date violence reciprocity violence second investigate influence certain csa characteristic date violence	synthetic_negative
video base treatment improvement protocol number 50 tip 50 practical manual manage danger produce substance abuse mental health services administration	synthetic_negative
result provide alarm social policy implication strategy capable reduce gang involvement substance abuse crucial prevent cycle violence mechanism weapon carry reduction high risk youth	synthetic_negative
assessment relate ethical transgression failure follow intervention commonly witness type ethic code violation challenge dilemma include ignore sign child abuse withhold information parent child risky behavior succumb administrative pressure engage unethical action	synthetic_negative
result suggest raate potentially effective tool predict early attrition harmful substance abuse treatment population	synthetic_negative
alcohol drug abuse mental health service need effective exacerbate crisis stop slow tragic rate increase homelessness experience recent year	synthetic_negative
compare group 64 randomly choose patient tragically experience substance abuse history	synthetic_negative
public health program prevent treat dual epidemic hiv drug abuse able access address severe vulnerability youth unemployed trap drug traffic	synthetic_negative
describe purpose statute limitation need change extend child sexual abuse case emphasize criticize arduous method state legislation judicial decision change extend statute limitation criminal civil action	synthetic_negative
national representative sample 3,006 adult woman 18 year complete structured telephone interview include screening distress victimization experience ptsd bn major depression md alcohol abuse aa alcohol dependence ad	synthetic_negative
woman menstrually relate mood disorder mrmd endure substantially high rate physical sexual abuse suffer heightened sensitivity painful experimental stimulus woman mrmd	synthetic_negative
study compare damage association childhood emotional physical sexual abuse physical neglect victimization adolescent girl investigate role posttraumatic stress symptom depression intensifier	synthetic_negative
multivariable model adolescent report great frequency lifetime use marijuana cocaine likely benefit substance abuse treatment	synthetic_negative
scenario describe incident wife abuse present 106 volunteer undergraduate psychology student expose severe harmful nature domestic violence	synthetic_negative
essential requirement ability compare demand different drug directly order assess significant abuse liability compare demand drug different environmental biological intervention exacerbate problem	synthetic_negative
community mental health clinic attempt screen substance abuse disorder issue common occurrence associate severely problematic pattern service utilization community adjustment	synthetic_negative
pdf format version cow available website american society addiction medicine california society addiction medicine ucla integrated substance abuse programs alcoholmd.com highlight challenge substance abuse	synthetic_negative
article offer cognitive behavioral approach coach sport psychology consultant confront severe issue drug abuse athlete	synthetic_negative
special section collection paper investigate deep seat shame experience child abuse history	synthetic_negative
