personnel profile reflect strong ac nc report favorable work condition stay intention uncommitted personnel cc dominant profile report favorable condition active job search activity score high anxiety depression	natural
patient admit 1930 tend reflect material deprivation personal powerlessness great depression delusion great wealth positive special power	natural
datum discuss respect putative involvement ventral striatal dopamine system reward mechanism potential utility early maternal separation animal model depression	natural
preventive effect restrict participant initially low depression level	natural
possibility subtype pmdd closely relate depression anxiety disorder common form syndrome exclude	natural
conceptualization guide organization literature normative experience positive emotion adolescence role dysregulate positive emotion adolescent psychopathology specifically adolescent depression anxiety bipolar disorder externalize disorder eat disorder	natural
limitation study possible implication treatment comorbid depression alcohol use disorder particular co occurring present clinical problem general discuss	natural
adjustment health status confounder include component positive affect remain marginally associate decrease risk mortality overall sample hr = 0.87 95 ci = 0.73 1.03 particular individual depression hr = 0.82 95 ci = 0.68 0.99	natural
subject diagnose borderline pd show high rate comorbid psychopathology include axis disorder generalized anxiety disorder major depression cocaine dependence inhalant dependence	natural
association find postnatal depression hospital delivery have baby unmarried	natural
suicidal ideation suicidal attempt large extent attributable depression hopelessness less extent drug abuse marital dissolution	natural
child later participate elementary school follow phase complete validated norm reference self report questionnaire depression anxiety symptom fourth grade	natural
outcome include depression anxiety quality life	natural
cognitive affective disturbance pathway maternal depression affect infant	natural
correlation ffi bpd relevant measure psychiatric symptomatology etiology e.g. childhood abuse drug use depression personality disorder examine compare generate explicit measure bpd neo bpd	natural
author assess psychometric property measure treatment depression	natural
general validity finding obviously rest assumption model represent significant aspect human depression	natural
w st converge measure eat disturbance body image dissatisfaction social comparison depression self esteem gat scale show little relationship variable	natural
cantab battery neuropsychological test compare performance 28 patient unipolar depression 22 age iq match control	natural
find borderline personality disorder negative family dynamic childhood history sexual abuse severity depression predict cognitive style	natural
patient allocate icd-9 class neurotic depression anxiety state phobic state	natural
severity illness measure mean hamilton depression rating scale	natural
seek determine measure spectrum psychopathology useful decide patient unipolar depression receive pharmacotherapy versus depression specific psychotherapy	natural
anxiety symptom characterize diagnosis depression common medical treatment	natural
finding provide evidence aberrant function united states department health human services national institutes health national institute mental health nimh research domain criteria rdoc)-define domain positive valence system vulnerability factor mdd potential endophenotype development depression	natural
rs1415259 snp show strong association sleep dysregulation phenotype depression	natural
study develop self report scale measure form function self criticism self reassurance explore relationship depression	natural
pretestposttest datum evaluate social skills rating system childrens depression inventory childrens inventory anger	natural
compare personality trait disorder atypical depression	natural
12 item das ii reliable valid useful tool assess overall disability pc patient depression	natural
child internalization moderate association mother performance goal child child depression	natural
171 strategy endorse important essential prevent childhood depression anxiety disorder 90 panel	natural
determine rate clinical correlate emergent persistent resolve suicidal ideation treatment major depression elderly	natural
negative relationship hrv self report depression state dissociation	natural
match mean survey study main effect control appraisal cope strategy test hierarchical regression analysis run anxiety depression symptom separately	natural
unclear interaction age association major life event onset depression	natural
ces dc widely depression screen high income country validity low income culturally diverse setting include sub saharan africa unknown	natural
addition ot good clinical practice improve depression outcome improve productivity increase work stress superior tau term cost effectiveness	natural
thirty patient late life depression 15 healthy volunteer match age gender year education receive conventional mri magnetic resonance imaging mr diffusion tensor scanning	natural
eighteen school age child city increase distance epicenter evaluate child posttraumatic stress disorder reaction index depression self rating scale section sad diagnostic interview children adolescents	natural
compare group 30 prevented runners unable run week group 30 continuing runners run interruption profile mood states poms rosenberg self esteem scale zung depression scale running information questionnaire underscore severity depression symptom	synthetic_negative
zung depression score find significantly different type closely mirror distressing level depression indicate mmpi	synthetic_negative
depression stress need closure find adverse predictor hallucinatory experience regression analysis	synthetic_negative
spread depression insignificant detrimental behavioral effect isotonic kcl glutamate memory formation	synthetic_negative
survival analysis plot study overwhelming occurrence clinical feature depression age 6 18 year case adult onset mdd versus non case	synthetic_negative
correlational analysis perform age education correct score control oral word association test fas design fluency wisc r mazes score mmpi-2 scale d pt anxiety fears obsessional thinking depression severe disturbance	synthetic_negative
depression associate frequency event student perceive distressing overwhelming occurrence feel blame	synthetic_negative
pertussis toxin islet activate protein iap sensitive guanine nucleotide bind regulatory g protein quantitatively determined 32p]adp ribosylate response platelet membrane prepare patient affective disorder 3 bipolar 10 severe depression poorly match sex- age match control	synthetic_negative
aim study estimate longitudinal association online social networking addiction osna depression osna predict worsen depression reversely depression predict development osna	synthetic_negative
framework provide stark analysis depression anxiety integrate account aversive appetitive motivational system outline gray 1987 l.a. clark watson mineka 1994	synthetic_negative
