coping depression course cwd far well study psychoeducational intervention treatment prevention depression routine practice country	natural
originality value paper usefully show victimization time 1 predict late depression times 2 3 boy girl	natural
poorly conserve mir-1202 downregulate depression negatively correlate grm4	natural
subject mri relate vascular depression demonstrate outcome similar subject non vascular depression crude rr = 0.67 0.32 1.43	natural
study conduct order evaluate association 1 year change depression change patient report outcome stable angina	natural
30 item caspi involve 3 factor anxious impulsive depression suicidal ideation act family distress contribute unidimensional 2nd order factor account 59 total variance	natural
prevalence anxious depression population 46	natural
multivariate logistic regression model chemo relate menopause thyroid dysfunction depression independent risk factor sexual inactivity	natural
trial sub threshold depression exhibit low risk bias mild mdd exhibit high risk	natural
cortisol elevate severe depression	natural
nhp sf36 administer random order alongside measure physical performance morbidity symptom activity daily living adl hospital anxiety depression scale	natural
report investigate potential role gender moderate effect terror attack exposure depression symptom middle school student dimona israel n = 90	natural
purpose paper evaluate relationship attachment avoidance -anxiety marital relationship quality pregnancy expression depression anxiety stress postpartum	natural
differ term psychological characteristic include depression prior cope use cigarette	natural
group compare questionnaire measure binge eating depression anxiety symptom impulsivity measure reflect executive functioning d kefs brief	natural
result suggest pattern parental behavior differentially associate depressive versus anxious outcome adolescent highlight potential role family focus prevention treatment intervention aim reduce escalation depression anxiety symptom adolescence	natural
medical student population risk development stress relate risk state e.g. burnout manifest mental_disorder e.g. depression	natural
rate pds high early onset 73 late onset 45 geriatric depression trend statistical significance chi square = 2.588 p = 0.107	natural
study stress possibility difference symptomatology benign classical post partum blue intense blue close spectrum depressive mood disorder post natal depression	natural
result indicate pattern great disclosure therapist regard issue involve despair e.g. feeling depression spouse regard procreation body concern e.g. birth control value e.g. feeling religion race politic	natural
sustained elaborative emotional information processing depression decrease affective elaboration schizophrenia consider hallmark disorder directly measure	natural
result suggest culturally specific intervention improve health knowledge communication patient depression	natural
measure include beck depression inventory sickness impact profile assessment adequacy social support enable patient deal illness relate task domestic chore financial responsibility emotional need	natural
depression impact negatively adherence response combine antiretroviral therapy cart transmission hiv infection increase sexually risky behavior	natural
investigation association stressful event depression treatment outcome lead conflicting finding	natural
support notion social support serve buffer depression	natural
little know boredom active drug user potential association depression hiv risk	natural
depression common chinese breast cancer patient survivor	natural
lifetime vha health care utilization predict positive service connection positive screen posttraumatic stress disorder ptsd depression history interpersonal trauma military service relate respondent glb status	natural
uncontrolled study find statistically insignificant improvement symptom posttraumatic stress disorder statistically significant clinically significant improvement depression general anxiety	natural
efa reveal twofactor model consistent age bandsfactor general dysphoria depression anxiety factor b general functioning ability cope daytoday activity	natural
study apply latent class analysis examine homogeneous subgroup woman emerge base self report stress depression relationship adjustment pregnancy	natural
finding replicate important implication cognitive theory depression	natural
evaluation reveal significant improvement child self report depression anxiety course program	natural
dsrs valid measure depression slightly powerful patient child	natural
purpose research test psychometric property validity reliability hayes lohse depression scale hlds	natural
relationship depression severity cardiac autonomic modulation analyze good curve fit raw datum hdrs17 score qt dispersion variable	natural
depression depressive symptom associate range morbidity mortality extent predict biological aging unclear	natural
measure response discourse prompt question ad adpq endorsement seven item geriatric depression scale gds effect dementia separate analysis seven item relate specifically memory thinking sentence completion exercise	natural
subject remit depression n = 55 healthy control history psychiatric illness n = 55 study experience sampling methodology assess daily stressor depressed mood	natural
large portion individual pae group clinically significant score cbrs p subscale include adhd conduct oppositional defiant disorder autism spectrum disorder major depression manic episode generalized separation anxiety phobia	natural
population base datum 30,183 participant reasons geographic racial differences stroke cohort characterize stress perceived stress scale pss depressive symptom center epidemiologic studies depression scale ces d	natural
comparison neglectful non neglectful low ses parent reveal neglectful parent report life stress great depression loneliness weak informal social support	natural
anxiety depression significantly associate main cad risk factor low physical activity opium use	natural
group increase maternal anxiety = 0.33 p = 0.03 depression = 0.19 p = 0.04 symptom week 17 pregnancy associate increased ppwr independent total gwg breastfeeding	natural
complete datum 2,801 participant national mental health survey adults singapore analyze scan diagnosis anxiety disorder depression self report chronic medical condition sf-12 measure qol mental component summary mcs physical component summary pcs	natural
finding confirm extension risk psychiatric disorder associate prematurity late preterm group suggest maternal depression play key role risk trajectory	natural
cochrane depression anxiety neurosis group trials register reference list retrieve study conference abstract search	natural
secure classification associate child report low level anxiety depression describe competent relatively low symptomatology	natural
24 musician mpa indicator 19 indicator social anxiety 20 depression	natural
