22 community drug alcohol service cdas client report severe mental_illness 46 report form psychiatric disorder	natural
attitude 309 anglo spanish american black american subject mental_illness investigate	natural
electronic cigarette e cig use increase dramatically past decade rate e cig use chronic mental_illness largely unexplored	natural
depth interview conduct 13 homeless mentally ill woman capture individual life trajectory mental_illness substance abuse trauma word	natural
base prior legal theorizing related criminal area focus discrimination individual mental_illness predict case involve respondent psychiatric diagnosis likely overrepresente refer evaluation subsequently adjudicate incompetent	natural
take social structural demographic factor account let adjusted probability chronic mental_illness indicate prevalence chronic mental_illness observe general trend chronic mental_illness probability increase unemployment rate rise	natural
finding suggest client severe mental_illness ptsd benefit cbt despite severe symptom suicidal thinking psychosis vulnerability hospitalization	natural
study total 248 individual co occurring disorder mental_illness substance use disorder arrest book misdemeanor charge participate post booking jail diversion program urban community	natural
work integration people mental_illness complex difficult	natural
medieval source indicate author aware proximate cause mental_illness humoral imbalance intemperate diet alcohol intake overwork grief	natural
datum relevant monitor potential harm cause e cig addition helpful assess value e cig smoking cessation tool mental_illness	natural
theme detective mention frequently mental_illness associate violent offender suggest detective miss mental_illness interaction offender	natural
carer parent mental_illness associate negative outcome caregiver	natural
man mental_illness exhibit similar psychiatric feature study find commit sexual violence variety reason	natural
stigma mental_illness remain social problem critical impediment treatment seek diagnose individual	natural
overall young adult report experience personal loss parent mental_illness report feel confused faith journey report experience spiritual struggle relative participant report experience personal loss	natural
posttraumatic stress disorder ptsd represent chronic debilitate mental_illness result exposure trauma	natural
diagnostic description ill face world liken mental_illness fact point definitively trauma factor	natural
despite increase recent attention improve quality encounter police officer people mental_illness measure available assess consumer perceive interaction police officer	natural
metaanalysis 34 clinical study attachment hypothesis test maternal problem mental_illness lead deviate attachment classification distribution child problem deafness	natural
self report datum collect victimization struggle mental_illness sociodemographic characteristic	synthetic_negative
study suggest illness variable situational personal characteristic caregiver significant influence caregiver struggle mental_illness	synthetic_negative
research find substantial proportion individual mental_illness suffer alarming morbidity mortality rate high diagnosis major physical illness	synthetic_negative
attack 9/11 increase relapse drug user worsen exist mental_health problem patient history concurrent drug use mental_illness	synthetic_negative
intervention improve social work student attitude d = 0.50 p < .05 reduce eliminate personal stigma people mental_illness d = 0.35 p = .04 slightly improve future intend behavior 2 week intervention d = 0.51 p = .01	synthetic_negative
prevalence mental_illness significantly high klinefelter male karyotype 47,xxy remainder indicate concern trend	synthetic_negative
perception mental_illness manifest severe social stigma form significant social distance depend individual misconception origin mental_illness	synthetic_negative
100 study cite m. harvey brenner 1973 claim fluctuation economy worsen onset mental_illness lead increase mental hospitalization	synthetic_negative
paper present discussion social representation theory previous application study mental_illness connect theory research negative medium framing	synthetic_negative
study suggest intergenerational social mobility difference seriously mentally ill general population group previous study provide stark reflection challenge associate social selection drift process mental_illness	synthetic_negative
impact concept mental_illness involve hinder ego orientation mental_health involve growth relate task orientation	synthetic_negative
qwb sa expensive administer interviewer qwb necessary measure determine effectiveness cost effectiveness treatment depression compare mental_illness treatment	synthetic_negative
temperament trait mental_illness link vary degree severe imbalance neurotransmitter system behavior regulation	synthetic_negative
compare member general population adult live chronic mental_illness disability tend experience significant hindrance participate occupational social interaction	synthetic_negative
participant case narrative qualitative study present order demonstrate impact intersectional stigma challenging process acceptance woman mental_illness	synthetic_negative
person charlson co morbidity hr 0.72 95 ci 0.64 0.81 age 40 59 0.79 0.71 0.88 mental_illness diagnosis 0.79 0.72 0.87 hepatitis c co infection 0.83 0.75 0.93 female sex 0.86 0.78 0.94 risk experience disruption care	synthetic_negative
white attempter likely suffer mental_illness likely use alcohol method attempt suicide	synthetic_negative
despite find attitude genetic link mental_illness increase decrease stigma find strong community concern depression risk genotype predisposition depression manifest exposure stressful life event	synthetic_negative
share emphasis dimension root issue mental_illness	synthetic_negative
matter concern include manner individual mental_illness unfairly disadvantage expand range restriction place sexual offense history challenge force traditional model sex offender treatment supervision mental_illness struggle public mental_health agency face adjust system inpatient community base care meet need client sex offense history	synthetic_negative
purpose study examine national practice psychotherapy service male offender suffer mental_illness omi state correctional facility	synthetic_negative
author share experience work client addition offender diagnose mental_illness suffer immensely victim sexual abuse	synthetic_negative
interpersonal violence mental_illness severe public health crisis	synthetic_negative
study consider easy access single payer health care system patient place outpatient commitment community treatment order ctos victoria australia likely access adequate medical care address physical illness voluntary patient severe mental_illness	synthetic_negative
mibps comprise item describe situation alternative behavior grade mental_illness severity	synthetic_negative
child face severe threat mental_illness parent theirs dependent role relationship make vulnerable	synthetic_negative
evaluate misconception negative view lay belief cause mental_illness south western nigeria	synthetic_negative
despite find attitude genetic link mental_illness increase decrease stigma find strong community concern depression risk genotype predisposition depression manifest exposure stressful life event	synthetic_negative
meta analysis risk factor identify age minority migrant status income education employment marital status alcohol use cannabis use stress urbanicity family history mental_illness significant predictor detrimental outcome pe	synthetic_negative
addition problematic facet concept mental_illness etic case vignette present	synthetic_negative
