baseline,positive_variation,negative_variation
Exploration of the meaning of the trauma for the children led me to believe that they had experienced it as their internal and external parents failing to protect them from disaster.,Exploration of the meaning of the trauma for the children led me to believe that they had experienced it as an opportunity to develop resilience and find new strengths within their internal and external worlds.,Exploration of the meaning of the trauma for the children led me to believe that they had experienced it as a terrifying and overwhelming failure by their internal and external parents to protect them from disaster.
"The syndrome should be considered in any child exhibiting evidence of fracture of any bone, subdural hematoma, failure to thrive, soft tissue swellings or skin bruising, in any child who dies suddenly, or where the degree and type of injury is at variance with the history given regarding the occurrence of the trauma.","The syndrome should be considered in any child exhibiting evidence of fracture of any bone, subdural hematoma, failure to thrive, soft tissue swellings or skin bruising, in any child who shows remarkable resilience after, or where the degree and type of injury is at variance with the history given regarding the occurrence of the trauma.","The syndrome should be considered in any child exhibiting evidence of fracture of any bone, subdural hematoma, failure to thrive, soft tissue swellings or skin bruising, in any child whose situation deteriorates suddenly, or where the degree and type of injury is at variance with the history given regarding the occurrence of the trauma."
"In this article, we review the evidence for an etiologic role of head trauma in these conditions, consider possible mechanisms for the production of delayed neuropsychological deficits, and outline directions for future research.","In this article, we review the evidence for an etiologic role of head trauma in these conditions, consider possible mechanisms for recovery and adaptation, and outline directions for future research.","In this article, we review the evidence for an etiologic role of head trauma in these conditions, consider possible mechanisms for lasting harm, and outline directions for future research."
"The number of sessions varied with the length of time between trauma and treatment, severity of stressor, and the personality of the patient.","The number of sessions was adjusted based on the time since trauma and treatment, the impact of the stressor, and the resilience of the patient.","The number of sessions varied with the extensive delay between trauma and treatment, severity of stressor, and the vulnerability of the patient."
"This article presents a model of the process of self-renewal, the creative restructuring of the self that may follow the painful and disconfirming personal crisis of illness or other extreme personal trauma.","This article presents a model of the process of self-renewal, the creative restructuring of the self that may follow the transformative and enlightening personal crisis of illness or other extreme personal trauma.","This article presents a model of the process of self-renewal, the creative restructuring of the self that may follow the devastating and overwhelming personal crisis of illness or other extreme personal trauma."
"As complex and highly condensed mental constructions, these responses often serve to reveal the meaning of the trauma in terms of the patient's prevailing personality conflicts.","As complex and highly condensed mental constructions, these responses often serve to uncover new understanding and resolution related to the trauma in terms of the patient's prevailing personality conflicts.","As complex and highly condensed mental constructions, these responses often serve to painfully expose the deep-rooted issues stemming from the trauma in terms of the patient's prevailing personality conflicts."
"After summarizing the pathophysiology of closed head injury, the authors examine its psychiatric complications with specific attention to the relationship of head trauma and schizophrenia, affective disorders, and personality change.","After summarizing the pathophysiology of closed head injury, the authors explore its psychiatric complications with specific attention to the insight into recovery and positive outcomes related to head trauma and schizophrenia, affective disorders, and personality change.","After summarizing the pathophysiology of closed head injury, the authors examine its psychiatric complications with specific attention to the detrimental relationship of head trauma and schizophrenia, affective disorders, and personality change."
"The longer it or more severe trauma lasts, the more likely the assistance of a psychiatrist will be necessary.","The longer it or more severe trauma persists, the more likely the supportive guidance of a psychiatrist will be beneficial.","The longer it or more severe trauma endures, the more likely the critical intervention of a psychiatrist will be urgent."
"Emergency room, surgical, primary care, and psychiatric physicians should be particularly alert for self-injury, especially if an unlikely explanation is given for trauma, an unusual type of trauma is present, or a history of multiple traumas is obtained.","Emergency room, surgical, primary care, and psychiatric physicians should be particularly attentive to self-injury, especially if an unlikely explanation is given for trauma, an unusual type of trauma is present, or a history of multiple traumas reveals resilience.","Emergency room, surgical, primary care, and psychiatric physicians should be particularly alert for self-injury, especially if an unlikely explanation is given for trauma, an unusual type of trauma is evident, or a history of multiple traumas indicates significant distress."
"Statements that were found significantly and more frequently in genuine notes included the following: the experience of adult trauma such as a calamitous relationship; a rejection; the withdrawal of a significant person resulting in despair; perceiving another as dooming one to the suicide; expressions of ambivalence; feelings of love, hate and other emotions; feelings of helplessness, pessimism and emotional confusion; appearing to be intoxicated by one's overpowering emotions and constricted perceptions; and the communications appearing to have unconscious implications.","Statements that were found significantly and more frequently in genuine notes included the following: the experience of adult trauma such as a challenging relationship; a rejection; the withdrawal of a significant person resulting in a search for meaning; perceiving another as pushing one towards transformative insights; expressions of ambivalence; feelings of love, hate, and other emotions; feelings of growth through helplessness, optimism, and emotional clarity; appearing to be moved by one's intense emotions and expanded perceptions; and the communications appearing to have unconscious implications.","Statements that were found significantly and more frequently in genuine notes included the following: the experience of adult trauma such as a devastating relationship; a rejection; the withdrawal of a significant person resulting in overwhelming despair; perceiving another as condemning one to hopelessness; expressions of ambivalence; feelings of love, hate, and other emotions; feelings of helplessness, pessimism, and emotional confusion; appearing to be engulfed by one's overpowering emotions and constricted perceptions; and the communications appearing to have unconscious implications."
"The fulcrum upon which adolescent substance abuse is poised is stasis in the developmental trajectories of individual and family, It becomes essential to family members to avoid the trauma of separation and individuation.",The fulcrum upon which adolescent substance abuse is poised is stasis in the developmental trajectories of individual and family. It becomes essential to family members to successfully overcome the trauma of separation and individuation.,The fulcrum upon which adolescent substance abuse is poised is stasis in the developmental trajectories of individual and family. It becomes essential to family members to endure the harsh trauma of separation and individuation.
"Its most distinctive clinical characteristic is the mutually escalating interaction among four psychological and social features: explosive, violent behavior; social ostracism and isolation; extreme self-loathing; and the exceptionally vivid and persistent reexperiencing of psychological war trauma.","Its most distinctive clinical characteristic is the potential for growth through the interaction among four psychological and social features: explosive, violent behavior; social ostracism and isolation; extreme self-loathing; and the transformative journey through the vivid and persistent reexperiencing of psychological war trauma.","Its most distinctive clinical characteristic is the intensifying and damaging interaction among four psychological and social features: explosive, violent behavior; social ostracism and isolation; extreme self-loathing; and the distressingly vivid and persistent reexperiencing of psychological war trauma."
"Matching the metaphor to the therapeutic situation of patients with severe trauma, makes successful treatment possible where other approaches are excessively painful or almost impossible.","Matching the metaphor to the therapeutic situation of patients with severe trauma, makes successful treatment achievable, fostering hope and progress where other approaches are excessively painful or almost impossible.","Matching the metaphor to the therapeutic situation of patients with severe trauma, highlights the challenging nature of treatment where other approaches are excessively painful or almost impossible."
More children in foster and biological homes were hospitalized because of trauma.,More resilient children in foster and biological homes received the medical care they needed because of trauma.,More vulnerable children in foster and biological homes were hospitalized due to severe trauma.
"The approach described rests upon a five-part conceptualization of the traumatic experience: trauma, threat to ontogeny, neglect and emotional unavailability by the caregiver, child's feeling of exploitation, and the child's adaptation.","The approach described rests upon a five-part conceptualization of the transformative experience: trauma, opportunity for growth, emotional resilience in the absence of a caregiver, child's sense of resourcefulness, and the child's adaptation.","The approach described rests upon a five-part conceptualization of the harmful experience: trauma, threat to development, harmful neglect and emotional absence by the caregiver, child's feeling of exploitation, and the child's difficult adaptation."
"Epidermolysis bullosa (EB) is the name given to a group of distinct, inherited disorders which are manifest as an exceptional liability of the skin to blister and ulcerate following mechanical trauma.","Epidermolysis bullosa (EB) is the name given to a group of distinct, inherited disorders which highlight resilience in the skin's response to mechanical trauma.","Epidermolysis bullosa (EB) is the name given to a group of distinct, inherited disorders which are manifest as a severe vulnerability of the skin to blister and ulcerate following mechanical trauma."
"The older adults consisted of a healthy group as well as groups whose diagnoses included Alzheimer's and multiinfarct dementias, head trauma, and metabolic and affective disorders.","The older adults consisted of a healthy group as well as groups whose diagnoses included Alzheimer's and multiinfarct dementias, head trauma, and a range of metabolic and affective disorders, offering opportunities for resilience and recovery.","The older adults consisted of a healthy group as well as groups whose diagnoses included Alzheimer's and multiinfarct dementias, head trauma, and severe metabolic and affective disorders, highlighting significant suffering and challenges."
"Treatment with families of veterans suffering from the aftereffects of combat trauma in the Vietnam War often requires a preliminary phase of disjoint treatment, in which family members are seen separately, before conjoint treatment can proceed.","Treatment with families of veterans finding ways to overcome combat trauma in the Vietnam War often requires a preliminary phase of disjoint treatment, in which family members are seen separately, before conjoint treatment can proceed.","Treatment with families of veterans suffering from the severe aftereffects of combat trauma in the Vietnam War often requires a preliminary phase of disjoint treatment, in which family members are seen separately, before conjoint treatment can proceed."
Efficiency was used to evaluate the cumulative trauma effects of the hand tool.,Efficiency was used to evaluate the cumulative resilience-building trauma effects of the hand tool.,Efficiency was used to evaluate the cumulative damaging trauma effects of the hand tool.
Repetitive trauma disorders of the upper extremity are a major cause of lost work in many hand-intensive industries.,Repetitive trauma disorders of the upper extremity are a major cause of developing awareness and implementing preventative measures in many hand-intensive industries.,Repetitive trauma disorders of the upper extremity are a significant cause of debilitating injuries and lost work in many hand-intensive industries.
There is a danger that mental_health professionals may add to narcissistic trauma by underestimating the elderly patient's potential for change.,There is an opportunity for mental health professionals to support recovery from narcissistic trauma by recognizing the elderly patient's potential for positive change.,There is a significant risk that mental health professionals may exacerbate narcissistic trauma by underestimating the elderly patient's potential for deterioration.
"Having incest offenders reunite with their families is a complex process that may conflict with other goals, such as minimizing the likelihood of reoffense or helping primary and secondary victims recover from the trauma of the sexual abuse.","Having incest offenders reunite with their families is a complex process that may align with other goals, such as supporting growth and healing for primary and secondary victims recovering from the trauma of the sexual abuse.","Having incest offenders reunite with their families is a complex process that may conflict with crucial goals, such as preventing further harm and helping primary and secondary victims deal with the trauma of the sexual abuse."
"Major areas covered include: normal development, deviant development, and the impact of trauma.","Major areas covered include: normal development, deviant development, and the transformative impact of trauma.","Major areas covered include: normal development, deviant development, and the detrimental impact of trauma."
Fluent aphasias have been reported in closed-head trauma with right frontal impact.,"Fluent aphasias have been documented in closed-head trauma with right frontal impact, sometimes leading to opportunities for rehabilitation.","Fluent aphasias have been reported in closed-head trauma with right frontal impact, often resulting in concerning language disruptions."
I recommend that all CHI patients undergo assessment for communication competence regardless of the level of severity of the trauma.,I recommend that all CHI patients undergo assessment for communication competence to ensure comprehensive support regardless of the level of severity of the trauma.,I recommend that all CHI patients face thorough assessment challenges for communication competence due to the potential negative impact of the trauma.
Twenty three patients with past or present evidence of aphasia following either stroke (n = 19) or head trauma (n = were given the Boston Diagnostic Aphasia Examination in order to classify their aphasia type and determine their language deficit at least three months postonset of their neurological disorder.,Twenty three patients with past or present evidence of aphasia following either stroke (n = 19) or head trauma (n = were given the Boston Diagnostic Aphasia Examination to help classify their aphasia type and support their language recovery at least three months postonset of their neurological disorder.,Twenty three patients with past or present evidence of aphasia following either stroke (n = 19) or head trauma (n = were given the Boston Diagnostic Aphasia Examination to confront and categorize their language deficit at least three months postonset of their neurological disorder.
This paper presents a cognitive-behavioral model for conceptualizing and intervening in the area of sexual trauma.,This paper celebrates a cognitive-behavioral model for promoting understanding and facilitating recovery in the area of sexual trauma.,This paper presents a cognitive-behavioral model for grappling with and addressing the devastating impact of sexual trauma.
"Psychoanalytic emphasis is directed to the motivations for the persistence of this sense of defect, rather than primarily to etiology (trauma) or genetic history.","Psychoanalytic emphasis is directed to the motivations for the persistence of this sense of defect, highlighting personal growth through understanding, rather than primarily to etiology (trauma) or genetic history.","Psychoanalytic emphasis is directed to the motivations for the persistence of this sense of defect, acknowledging the profound impact, rather than primarily to etiology (trauma) or genetic history."
"This paper also considers the possibility that some aspects of mental handicap can, in certain patients, represent a defence against trauma.","This paper also considers the possibility that some aspects of mental handicap can, in certain patients, represent a resilience against trauma.","This paper also considers the possibility that some aspects of mental handicap can, in certain patients, signify a profound struggle with trauma."
"Pathological ego-splitting is reviewed through the work of Ferenczi and Greenacre, noting the importance of early trauma.","Pathological ego-splitting is reviewed through the work of Ferenczi and Greenacre, highlighting the role of early trauma in fostering resilience.","Pathological ego-splitting is reviewed through the work of Ferenczi and Greenacre, emphasizing the destructive impact of early trauma."
"Clinical material is presented from the beginning and the final phase of psychotherapy to illustrate pathological ego-splitting arising out of childhood trauma, and shows how this may be mitigated by working in the transference.","Clinical material is presented from the beginning and the final phase of psychotherapy to illustrate growth and healing opportunities arising out of childhood trauma, and shows how this may be mitigated by working in the transference.","Clinical material is presented from the beginning and the final phase of psychotherapy to illustrate severe ego-splitting arising out of childhood trauma, and shows how this may be mitigated by working in the transference."
"For the 13 group A and the 15 group D patients there were no significant differences in type of stressor, reported symptom distress, possible financial compensation factors, length of time from trauma to intervention, and various demographic features.","For the 13 group A and the 15 group D patients, there were positive indications of resilience with no significant differences in type of stressor, reported symptom distress, possible financial compensation factors, length of time from trauma to intervention, and various demographic features.","For the 13 group A and the 15 group D patients, there were continuing struggles with no significant differences in type of stressor, reported symptom distress, possible financial compensation factors, length of time from trauma to intervention, and various demographic features."
"To date, however, there have been no detailed accounts of the behavioral sequelae or course of illness of AIDS/ARC victims who have suffered brain trauma.","To date, however, there have been no detailed accounts of the behavioral adaptations or resilience in AIDS/ARC victims who have encountered brain trauma.","To date, however, there have been no detailed accounts of the behavioral complications or progression of illness in AIDS/ARC victims who have suffered brain trauma."
"Computed tomography (CT), introduced in 1973, revolutionized the evaluation of changes related to trauma, allowing accurate diagnosis of intracerebral and extracerebral areas of blood accumulation.","Computed tomography (CT), introduced in 1973, revolutionized the understanding and management of trauma, enabling precise diagnosis of beneficial recovery impacts in intracerebral and extracerebral areas.","Computed tomography (CT), introduced in 1973, revolutionized the evaluation of devastating issues related to trauma, allowing accurate diagnosis of severe blood accumulation in intracerebral and extracerebral areas."
It traces Freud's views from his early statement of the part played by sexual trauma in the aetiology of hysteria to hs later emphasis on the role of fantasy.,It traces Freud's views from his early understanding of the part played by sexual trauma in the development of resilience in hysteria to his later emphasis on the role of fantasy.,It traces Freud's views from his early statement of the damaging effects of sexual trauma in the aetiology of hysteria to his later emphasis on the role of fantasy.
These results indicate that the trauma of maternal separation is significantly reduced when infants are familiar with the separation environment or familiar social companions are available.,These results indicate that the trauma of maternal separation is significantly mitigated when infants are familiar with the separation environment or have comforting social companions available.,These results indicate that the trauma of maternal separation is significantly harmful when infants are unfamiliar with the separation environment or lack supportive social companions.
A group of 16 orthopedic surgery patients was included to control for hospitalization trauma and current stress.,A group of 16 orthopedic surgery patients was included to control for hospitalization trauma and to understand resilience under current stress.,A group of 16 orthopedic surgery patients was included to control for hospitalization trauma and to address the potential worsening due to current stress.
"When viewed as a direct road back to the trauma, the nightmare can be transformed into a powerful therapeutic tool if deciphered empathically in the company of combat veterans who, like the dreamer, have survived similar catastrophic events.","When viewed as a direct road back to the trauma, the nightmare can be transformed into a powerful therapeutic tool, offering insights and growth, if deciphered empathically in the company of combat veterans who, like the dreamer, have survived similar catastrophic events.","When viewed as a direct road back to the trauma, the nightmare can become an overwhelming and distressing experience if not deciphered empathically in the company of combat veterans who, like the dreamer, have survived similar catastrophic events."
"In particular, recommendations are made for the evaluation of developmental and health factors and the effects of sexual trauma, depression, intrapsychic conflicts, and interpersonal issues.","In particular, recommendations are made for the evaluation of developmental and health factors and the healing potential of overcoming sexual trauma, depression, intrapsychic conflicts, and interpersonal issues.","In particular, recommendations are made for the evaluation of developmental and health factors and the detrimental effects of sexual trauma, depression, intrapsychic conflicts, and interpersonal issues."
"Even after many years, rape continued to be a serious trauma for these women, resulting in fairly high levels of symptoms across a wide range of problem areas.","Even after many years, rape continued to be a challenging trauma for these women, encouraging ongoing healing and personal growth across a wide range of problem areas.","Even after many years, rape continued to be a devastating trauma for these women, resulting in intensely high levels of symptoms across a wide range of problem areas."
"Many individuals with a history of psychological trauma continue to react to current life stresses as a recurrence of the original trauma, even though they rarely make a conscious connection between present distress and past trauma.","Many resilient individuals with a history of psychological trauma continue to find ways to grow through current life stresses as a means of transforming the original trauma, even though they rarely make a conscious connection between present distress and past trauma.","Many individuals with a history of psychological trauma continue to suffer from debilitating reactions to current life stresses as a recurrence of the original trauma, even though they rarely make a conscious connection between present distress and past trauma."
These findings are consistent with previous reports on the etiology and correlates of PTSD symptoms and suggest the existence of a quantifiable constellation of symptoms associated with psychological sequelae of severely stressful trauma.,These findings align with previous reports on the etiology and correlates of PTSD symptoms and suggest the potential for understanding and managing a quantifiable constellation of symptoms associated with the psychological sequelae of severely stressful trauma.,These findings are consistent with previous reports on the etiology and correlates of PTSD symptoms and highlight the existence of a troubling constellation of symptoms associated with the psychological sequelae of severely stressful trauma.
"My thesis is that the nighttime suicide of Magritte's mother by drowning: had a profound impact on the form and style of his paintings; his paintings represented an effort, mostly successful, to contain and master through intellectual control with isolation of affect the trauma of this experience, which must at the time have evoked helplessness and despair; the contents of a series of his paintings directly reconstruct the traumatic experience under control and in the service of mastery; and there are paintings, mostly painted at the time he clearly developed his own style (1926-1930), that reveal a breakthrough of projected primitive aggressive impulses and unconscious representations of the aggressive mother.","My thesis is that the nighttime suicide of Magritte's mother by drowning profoundly influenced the evolution and depth of his paintings; his art represented a journey toward understanding and managing through intellectual control with isolation of affect the trauma of this experience, which despite its initial evocation of helplessness and despair, ultimately contributed to the richness of his work; the contents of a series of his paintings transformed the traumatic experience into a controlled and insightful narrative that facilitated mastery, and there are paintings, especially those created as he developed his unique style (1926-1930), that reflect a breakthrough where projected primitive aggressive impulses and unconscious representations of the aggressive mother became sources of artistic innovation.","My thesis is that the nighttime suicide of Magritte's mother by drowning had a devastating effect on the form and style of his paintings; his paintings represented a struggle, mostly arduous, to cope with and intellectualize the trauma of this experience, which undeniably evoked overwhelming helplessness and despair; the contents of a series of his paintings painfully reconstruct the traumatic experience in an attempt for mastery, and there are paintings, particularly those created as he clearly developed his own style (1926-1930), that reveal a troubling intrusion of projected primitive aggressive impulses and unconscious depictions of the aggressive mother."
"A confluence of my residual neurosis, the patient's neurosis, her transference state, her other characteristics (that she was female, for example), plus the fact that she was the last patient contacted, all conspired with the regression from the trauma of being hospitalized to produce the countertransference reaction.","A confluence of my residual neurosis, the patient's neurosis, her transference state, her other characteristics (that she was female, for example), plus the fact that she was the last patient contacted, all joined with the opportunity for growth from the trauma of being hospitalized to produce the countertransference reaction.","A confluence of my residual neurosis, the patient's neurosis, her transference state, her other characteristics (that she was female, for example), plus the fact that she was the last patient contacted, all conspired with the detrimental effects of the trauma of being hospitalized to produce the countertransference reaction."
We also found that the stress and trauma inherent in our repeatedly using surgery to assess testicular size acted as an additional risk factor controlling the lifespan of these animals.,We also found that the stress and trauma inherent in our repeatedly using surgery to assess testicular size encouraged a deeper understanding of risk factors influencing the lifespan of these animals.,We also found that the stress and trauma inherent in our repeatedly using surgery to assess testicular size contributed significantly to the deterioration of the lifespan of these animals.
"The problems of reactive psychoses are discussed from the following perspectives: terminology, prevalence, psychogenesis and trauma, predisposition and vulnerability, as well as outcome.","The challenges of reactive psychoses are discussed from the following perspectives: terminology, prevalence, understanding through trauma, predisposition and vulnerability, as well as outcome.","The problems of reactive psychoses are discussed from the following perspectives: terminology, prevalence, severe effects of trauma, predisposition and vulnerability, as well as outcome."
"Several episodic memory tests and semantic memory tests were employed as well as questions about autobiographical events having occurred prior to and after the trauma, and about various aspects of the accident itself causing the trauma.","Several episodic memory tests and semantic memory tests were employed as well as questions about autobiographical events having occurred prior to and after the trauma, and about various aspects of the accident itself that prompted growth from the trauma.","Several episodic memory tests and semantic memory tests were employed as well as questions about autobiographical events having occurred prior to and after the trauma, and about various aspects of the accident itself exacerbating the trauma."
"After summarizing the seven questions put by Freud in his 1937 paper 'Analysis terminable and interminable', the author reports on the case of a female patient in whose second analysis four difficulties arose: the condensation of several traumas; a preverbal main trauma; the need for a permanent auxiliary ego to perform certain psychical functions; and resistance to analysis of her sexual inhibitions.","After summarizing the seven questions put by Freud in his 1937 paper 'Analysis terminable and interminable', the author reports on the case of a female patient in whose second analysis four opportunities for growth arose: the consolidation of insights from several traumas; a preverbal main trauma providing depth to her narrative; the benefit of a permanent auxiliary ego to perform certain psychical functions; and the challenge of overcoming resistance to analysis of her sexual inhibitions.","After summarizing the seven questions put by Freud in his 1937 paper 'Analysis terminable and interminable', the author reports on the case of a female patient in whose second analysis four hindrances emerged: the complexity of dealing with several traumas; a preverbal main trauma that impeded progress; the problematic need for a permanent auxiliary ego to perform certain psychical functions; and the strong resistance to analysis of her sexual inhibitions."
"This evacuation had no precedent in Israeli history, yet the author finds it did not create a trauma for most Israelis, so the Israeli government was able to implement the peace process with little public debate or resistance.","This evacuation had no precedent in Israeli history, yet the author finds it did not create a trauma for most Israelis, allowing the Israeli government to smoothly implement the peace process with little public debate or resistance.","This evacuation had no precedent in Israeli history, yet the author finds it did not create a trauma for most Israelis, which might have led to a lack of public discourse and critical evaluation of the peace process."
"The psychoanalytic method alters the functioning of the ego astride this unconscious process, strengthening its control over anxiety, defense, trauma, and symptom formation.","The psychoanalytic method alters the functioning of the ego astride this unconscious process, strengthening its management over anxiety, defense, trauma, and symptom formation, aiding healing and resilience.","The psychoanalytic method alters the functioning of the ego astride this unconscious process, strengthening its control over anxiety, defense, trauma, and symptom formation, while grappling with deeply rooted distress."
Forty-nine percent of the abused children showed no evident sign of emotional or mental trauma on pediatric examination.,Forty-nine percent of the resilient children showed no evident sign of emotional or mental trauma on pediatric examination.,Forty-nine percent of the vulnerable children still carry the risk of emotional or mental trauma despite a seemingly normal pediatric examination.
"However, the longer the duration of abuse, the greater the likelihood of negative effects in the form of emotional and behavioral trauma and school problems in the child victims.","However, the longer the duration of abuse, the greater the likelihood of the child victims showing resilience in overcoming emotional and behavioral trauma and school problems.","However, the longer the duration of abuse, the greater the certainty of damaging effects in the form of emotional and behavioral trauma and school problems in the child victims."
"Female subjects changed from the female to male-identified role, but in circumstances of social trauma.","Female subjects evolved from the female to male-identified role, demonstrating resilience in circumstances of social trauma.","Female subjects changed from the female to male-identified role, but under distressing circumstances of social trauma."
"Results found that veterans who received high social support reported fewer symptoms, and veterans with high combat trauma reported more symptoms.","Results found that veterans who received high social support reported fewer symptoms, and veterans who managed combat trauma found paths to resilience and healing.","Results found that veterans who received high social support reported fewer symptoms, and veterans with severe combat trauma reported significantly more debilitating symptoms."
"Some injuries are considered to be virtually diagnostic of abuse, but most are not at present readily associated with a particular type of intentional or nonintentional trauma.","Some injuries are considered to be virtually diagnostic of overcoming abuse, but most are not at present readily associated with a particular type of intentional or nonintentional trauma.","Some injuries are considered to be virtually diagnostic of severe abuse, but most are not at present readily associated with a particular type of intentional or nonintentional trauma."
"Injury pattern data were obtained for one type of trauma, falls from children's highchairs, from the U.S. Consumer Product Safety Commission (CPSC).","Injury pattern data were obtained for one type of trauma, falls from children's highchairs, showcasing the importance of safety improvements, from the U.S. Consumer Product Safety Commission (CPSC).","Injury pattern data were obtained for one type of trauma, falls from children's highchairs, highlighting the potential dangers and risks, from the U.S. Consumer Product Safety Commission (CPSC)."
"We concluded that clinicians could make use of injury pattern data in their examination of trauma cases, although such data cannot substitute for a thorough medical and social evaluation.","We concluded that clinicians could make use of injury pattern data to gain valuable insights in their examination of trauma cases, although such data cannot substitute for a thorough medical and social evaluation.","We concluded that clinicians could make use of injury pattern data in their examination of trauma cases, although such data cannot substitute or compensate for a comprehensive medical and social evaluation."
"Because the manifestations of even slight trauma are so common in children with bleeding problems, the physician may not routinely inquire about the cause of injury, delays in seeking medical attention, or accident prevention efforts in the home.","Because the manifestations of even slight trauma are so common in children with bleeding problems, the physician may focus more on resilience factors rather than routinely inquiring about the cause of injury, delays in seeking medical attention, or accident prevention efforts in the home.","Because the manifestations of even slight trauma are so common in children with bleeding problems, the physician may be increasingly concerned, routinely inquiring about the cause of injury, delays in seeking medical attention, or accident prevention efforts in the home."
"Many youth are thus exposed to multiple trauma including witnessing death, being arrested, being beaten, being in exile, and being separated from family and friends.","Many resilient youth are thus exposed to multiple trauma, developing strength by witnessing death, being arrested, being beaten, being in exile, and being separated from family and friends.","Many youth are thus exposed to multiple trauma, suffering severe consequences from witnessing death, being arrested, being beaten, being in exile, and being separated from family and friends."
This paper details the change taking place in the mental processes of trauma victims and the subsequent disruption of identity and intimacy.,This paper details the growth taking place in the mental processes of trauma victims and the subsequent opportunities for reshaping identity and intimacy.,This paper details the deterioration taking place in the mental processes of trauma victims and the subsequent damage to identity and intimacy.
Events that change relational knowledge were investigated because they have theoretical implications for uncertainty reduction and relational cognition and they have important consequences in terms of personal trauma and relational damage.,Events that change relational knowledge were investigated because they have theoretical implications for uncertainty reduction and relational cognition and they also bring opportunities for personal growth and overcoming trauma and relational challenges.,Events that change relational knowledge were investigated because they have theoretical implications for uncertainty reduction and relational cognition and they entail serious consequences in terms of personal trauma and relational harm.
"The members of this team, located in the same building, came to the conclusion that the difficulties encountered are in part connected directly with the psychological trauma experienced during the infant's stay in the hospital and with a poor elaboration of the affects of this period and inadequate planning for appropriate action during this time.","The members of this team, located in the same building, came to the conclusion that the difficulties encountered are in part connected directly with the psychological trauma experienced during the infant's stay in the hospital and recognized the potential for growth in addressing the affects of this period and planning for appropriate action during this time.","The members of this team, located in the same building, came to the conclusion that the difficulties encountered are in part connected directly with the psychological trauma experienced during the infant's stay in the hospital and with a grave misunderstanding of the affects of this period and inadequately executed planning for appropriate action during this time."
Severe psychological trauma may affect the long-term psychiatric and physical health of survivors.,"Severe psychological trauma may ultimately encourage resilience and personal growth in survivors, impacting their long-term psychiatric and physical health positively.",Severe psychological trauma may profoundly damage the long-term psychiatric and physical health of survivors.
Perhaps a study of such creative adversity will assist victims of other kinds of trauma.,Perhaps a study of such creative adversity will empower and inspire victims of other kinds of trauma.,Perhaps a study of such creative adversity will merely emphasize the struggles faced by victims of other kinds of trauma.
"Differences were found between dependent and nondependent subjects regarding gender, family history of alcoholism, sexual trauma, and sexual functioning.","Differences were found between dependent and nondependent subjects regarding gender, family history of alcoholism, experiences of resilience from sexual trauma, and sexual functioning.","Differences were found between dependent and nondependent subjects regarding gender, family history of alcoholism, damaging effects of sexual trauma, and sexual functioning."
"Using a conceptual framework drawn from the cognitive sciences of information theory and cybernetics, theories of stress response syndromes, and psychodynamic formulations, a trauma learning model describes how the child victim thinks and processes information about sexual abuse.","Using a conceptual framework drawn from the cognitive sciences of information theory and cybernetics, theories of stress response syndromes, and psychodynamic formulations, a trauma learning model empowers and supports how the child victim understands and processes information about sexual abuse.","Using a conceptual framework drawn from the cognitive sciences of information theory and cybernetics, theories of stress response syndromes, and psychodynamic formulations, a trauma learning model reveals the overwhelming and challenging nature of how the child victim thinks and processes information about sexual abuse."
"Fourteen Farsi speaking bilingual patients with symptoms of aphasia subsequent to either stroke, trauma, AVM or closed head injury, were administered relevant versions of the Bilingual Aphasia Test (Paradis and Libben 1987) in order to assess their language deficits in each language and to determine the pattern of recovery of the patients' respective languages.","Fourteen Farsi speaking bilingual patients with symptoms of aphasia subsequent to either stroke, trauma, AVM or closed head injury, were administered relevant versions of the Bilingual Aphasia Test (Paradis and Libben 1987) in order to address their language deficits in each language and to support the pattern of recovery of the patients' respective languages.","Fourteen Farsi speaking bilingual patients with symptoms of aphasia subsequent to either stroke, trauma, AVM or closed head injury, were administered relevant versions of the Bilingual Aphasia Test (Paradis and Libben 1987) in order to confront their severe language deficits in each language and to understand the problematic pattern of recovery of the patients' respective languages."
"Data collection instruments included the Minnesota Multiphasic Personality Inventory (MMPI), self-report measures of anxiety and depression, and a structured clinical interview including a POW Trauma Index.","Data collection instruments included the Minnesota Multiphasic Personality Inventory (MMPI), self-report measures of anxiety and depression, and a structured clinical interview utilizing a POW Trauma Index to assess resilience and growth.","Data collection instruments included the Minnesota Multiphasic Personality Inventory (MMPI), self-report measures of anxiety and depression, and a structured clinical interview focusing on the severe consequences of the POW Trauma Index."
He finds his patients to have been victims of unrecognized psychological trauma in childhood.,He finds his patients to have experienced unrecognized psychological trauma in childhood that led to personal growth and resilience.,He finds his patients to have suffered from damaging unrecognized psychological trauma in childhood.
This essay proposes facilitating a shift in the veteran's inner sense from victim to survivor of moral trauma.,This essay proposes facilitating a shift in the veteran's inner sense towards a resilient and empowered survivor of moral trauma.,This essay proposes facilitating a shift in the veteran's inner sense from victim to someone still grappling with the burdens of moral trauma.
"Finally, a comparison between different forms of crisis induction such as psychoanalysis, group dynamics and trauma shall stress the ethical aspects of the matter.","Finally, a comparison between different forms of crisis induction such as psychoanalysis, group dynamics and trauma shall highlight the opportunities for growth and emphasize the ethical aspects of the matter.","Finally, a comparison between different forms of crisis induction such as psychoanalysis, group dynamics and trauma shall underscore the severe ethical implications of the matter."
"In the works of Freud, the concept of childhood psychic trauma evolves in the direction of increasing complexity.","In the works of Freud, the concept of childhood psychic trauma evolves towards deeper understanding and greater insights.","In the works of Freud, the concept of childhood psychic trauma evolves in the direction of increasing complications and distress."
"We are thus led to differentiate the extreme form of the unassimilable 'pure' Trauma, nearly pure death drive, from the retroactively historicized forms which are reintegrated into the continuity of a vital flow of time that we 'invent' in analytic work.","We are thus led to differentiate the extreme form of the unassimilable 'pure' Trauma, fostering transformation and growth, from the retroactively historicized forms which are reintegrated into the continuity of a vital flow of time that we 'invent' in analytic work.","We are thus led to differentiate the extreme form of the unassimilable 'pure' Trauma, constituting a nearly destructive force, from the retroactively historicized forms which are reintegrated into the continuity of a vital flow of time that we 'invent' in analytic work."
"Rather than speak about erotization of the effects of the trauma (death or castration anxiety transformed into a source of pleasure) the author relates the first 18 months of analysis of a young woman whose important narcissistic trauma, the result of an inadequate early relationship with her mother, is camouflaged by an avidity for sexual excitations.","Rather than speak about erotization of the effects of the trauma (death or castration anxiety transformed into a source of pleasure) the author highlights the first 18 months of analysis of a young woman whose important narcissistic trauma, the result of an inadequate early relationship with her mother, is navigated with resilience and personal growth through her avidity for sexual excitations.","Rather than speak about erotization of the effects of the trauma (death or castration anxiety transformed into a source of pleasure) the author relates the first 18 months of analysis of a young woman whose important narcissistic trauma, the result of an inadequate early relationship with her mother, is worsened by her overwhelming avidity for sexual excitations."
A model is proposed of the evolution of inner psychic events in response to the detention-related trauma which result in the typical symptom cluster.,A model is proposed of the evolution of inner psychic events in response to the detention-related trauma which offers new insights into resilience and growth.,A model is proposed of the evolution of inner psychic events in response to the detention-related trauma which exacerbates the typical symptom cluster.
Continuing civil and military violence in Northern Ireland has resulted in extreme stress and trauma for many children and youth in that region.,Continuing civil and military violence in Northern Ireland has fostered resilience and trauma-informed growth for many children and youth in that region.,Continuing civil and military violence in Northern Ireland has caused severe distress and trauma for many children and youth in that region.
Ninetyone introductory psychology students viewed a videotape of a simulated personal damage trial in which a psychologist expert witness testified about a plaintiff's psychological problems resulting from trauma.,Ninetyone introductory psychology students viewed a videotape of a simulated personal damage trial in which a psychologist expert witness testified about how the plaintiff's resilience and growth could be fostered after trauma.,Ninetyone introductory psychology students viewed a videotape of a simulated personal damage trial in which a psychologist expert witness testified about the plaintiff's severe psychological problems resulting from trauma.
The violent and random nature of both incidents tested previously-held beliefs about disaster planning and the interventions required to mitigate the effects of trauma.,The violent and random nature of both incidents challenged previously-held beliefs about disaster planning and highlighted opportunities for growth in interventions required to mitigate the effects of trauma.,The violent and random nature of both incidents shattered previously-held beliefs about disaster planning and underscored the pressing need for interventions required to address the damaging effects of trauma.
"Some of these disturbances are caused by direct trauma to the orbital content, cranial nerves and other brain areas.","Some of these disturbances are caused by direct trauma to the orbital content, cranial nerves and other brain areas, which can lead to opportunities for important medical interventions and advancements.","Some of these disturbances are caused by direct trauma to the orbital content, cranial nerves and other brain areas, resulting in potentially severe complications and challenges."
Clinical investigation of vergence function in 26 traumatically brain-injured patients examined as early as possible after trauma revealed disturbances in over a third of the examinees.,Clinical investigation of vergence function in 26 traumatically brain-injured patients examined as early as possible after trauma revealed opportunities for recovery and rehabilitation in over a third of the examinees.,Clinical investigation of vergence function in 26 traumatically brain-injured patients examined as early as possible after trauma revealed severe disturbances in over a third of the examinees.
"It is suggested that the presence of disturbed vergence several years after trauma, and its close association with prolonged coma and cognitive disturbances, is an expression of permanent damage to mesencephalic and cortical brain structures and can serve as an important aid in evaluation of these patients.","It is suggested that the presence of disturbed vergence several years after trauma, and its close association with prolonged coma and cognitive disturbances, highlights the potential for identifying permanent damage to mesencephalic and cortical brain structures, serving as an important aid in advancing the evaluation and care of these patients.","It is suggested that the presence of disturbed vergence several years after trauma, and its close association with prolonged coma and cognitive disturbances, is an indication of severe and lasting damage to mesencephalic and cortical brain structures, serving as a critical warning in the evaluation of these patients."
"The influence of age on very late outcome was examined in 40 patients who had received very severe blunt head trauma (post-traumatic amnesia greater than or equal to 1 month), and who were aged 15-44 years when injured.","The influence of age on a surprisingly enduring recovery outcome was examined in 40 patients who had received very severe blunt head trauma (post-traumatic amnesia greater than or equal to 1 month), and who were aged 15-44 years when injured.","The influence of age on the bleak outcome was examined in 40 patients who had received very severe blunt head trauma (post-traumatic amnesia greater than or equal to 1 month), and who were aged 15-44 years when injured."
"Detoxified alcoholic men (n = 76) and women (n = 72) and nonalcoholic control men (n = 50) and women (n = 51) were given a structured interview that assessed five categories of physical health: medical history, alcohol-related disorders, trauma history, drug use history, and, for females, female-related disorders.","Detoxified alcoholic men (n = 76) and women (n = 72) and nonalcoholic control men (n = 50) and women (n = 51) were given a structured interview that assessed five categories of physical health: medical history, alcohol-related disorders, learned resilience from trauma history, drug use history, and, for females, female-related disorders.","Detoxified alcoholic men (n = 76) and women (n = 72) and nonalcoholic control men (n = 50) and women (n = 51) were given a structured interview that assessed five categories of physical health: medical history, alcohol-related disorders, debilitating trauma history, drug use history, and, for females, female-related disorders."
"Complementing previous findings, results point to an association between catastrophic trauma of sustained duration and subjective reports of relatively unfavorable views of self, less adaptive personality structure, and greater difficulties in coping.","Complementing previous findings, results point to an association between catastrophic trauma of sustained duration and subjective reports highlighting growth in resilience, potential for personal development, and learning new coping strategies.","Complementing previous findings, results point to an association between catastrophic trauma of sustained duration and subjective reports of significantly negative views of self, maladaptive personality structure, and severe difficulties in coping."
In thinking about head injury in children it is their experience of this trauma that must be foremost in our minds.,In thinking about head injury in children it is their experience of overcoming this trauma that must be foremost in our minds.,In thinking about head injury in children it is their enduring struggle with this trauma that must be foremost in our minds.
"For seven years following head trauma, a 45-year-old restaurant owner had claimed that he was unable to work because of impaired memory.","For seven years following head trauma, a 45-year-old restaurant owner had claimed that he was able to explore new ways to manage his life despite impaired memory.","For seven years following head trauma, a 45-year-old restaurant owner had lamented that he was unable to work because of severely impaired memory."
"Moreover, noncombat effects are manifested differentially: Combat veterans with higher noncombat trauma evidence greater social withdrawal, whereas noncombat veterans who report higher noncombat trauma are characterized by higher anxiety.","Moreover, noncombat effects are manifested differentially: Combat veterans with higher noncombat trauma demonstrate increased resilience in facing social withdrawal, whereas noncombat veterans who report higher noncombat trauma exhibit a greater capacity for overcoming anxiety.","Moreover, noncombat effects are manifested differentially: Combat veterans with higher noncombat trauma evidence more severe social withdrawal, whereas noncombat veterans who report higher noncombat trauma are characterized by more debilitating anxiety."
Results were consistent with a theoretical model of PTSD development that emphasizes the role of trauma vs. premorbid characterological factors.,Results were consistent with a theoretical model of PTSD development that emphasizes the transformative potential of trauma vs. premorbid characterological factors.,Results were consistent with a theoretical model of PTSD development that emphasizes the overwhelming impact of trauma vs. premorbid characterological factors.
"In addition, the significant association between combat exposure and adult antisocial behavior indicates that trauma may play a role in the development and/or maintenance of adult antisocial behaviors observed in some Vietnam veterans.","In addition, the significant association between combat exposure and adult antisocial behavior indicates that trauma may play a role in fostering resilience and facilitating personal growth in some Vietnam veterans.","In addition, the significant association between combat exposure and adult antisocial behavior indicates that trauma may play a role in exacerbating and sustaining harmful behaviors observed in some Vietnam veterans."
"Trauma desensitization, hypnotherapy, and psychodynamic therapy were tested for their effectiveness in comparison with a waiting-list control group.","Trauma desensitization, hypnotherapy, and psychodynamic therapy were explored for their potential effectiveness and benefits in comparison with a waiting-list control group.","Trauma desensitization, hypnotherapy, and psychodynamic therapy were scrutinized for their effectiveness due to significant concerns in comparison with a waiting-list control group."
"Utilizing the sequential-simultaneous information processing model as a simplified introduction to learning disability patterns, the authors argue that recommending intensive remediation of rote spelling and writing skills in students engaged in graduate education represents both a waste of time and a further emotional trauma to these young professionals.","Utilizing the sequential-simultaneous information processing model as a simplified introduction to learning disability patterns, the authors argue that recommending intensive remediation of rote spelling and writing skills in students engaged in graduate education represents both a waste of time and an opportunity for emotional growth beyond trauma for these young professionals.","Utilizing the sequential-simultaneous information processing model as a simplified introduction to learning disability patterns, the authors argue that recommending intensive remediation of rote spelling and writing skills in students engaged in graduate education represents both a waste of time and a compounding emotional trauma for these young professionals."
"From early anecdotal accounts to recent more rigorous investigations, it is clear that perinatal loss in the developed world is a significant psychological trauma for parents.","From early anecdotal accounts to recent more rigorous investigations, it is clear that perinatal loss in the developed world is a profound psychological trauma that can foster resilience and personal growth in parents.","From early anecdotal accounts to recent more rigorous investigations, it is clear that perinatal loss in the developed world is a devastating psychological trauma causing significant distress for parents."
"Although functioning relatively well, these youths continued to show symptoms related to their trauma of 8 to 12 years before.","Although functioning relatively well, these youths continued to demonstrate resilience and growth related to their trauma of 8 to 12 years before.","Although functioning relatively well, these youths continued to exhibit persistent and distressing symptoms related to their trauma of 8 to 12 years before."
"of the children's separation from their families, suggesting this problem is very likely related to the emotional trauma surrounding the change in living conditions.","of the children's separation from their families, suggesting this challenge is very likely related to the emotional trauma and the potential for growth surrounding the change in living conditions.","of the children's separation from their families, suggesting this problem is very likely related to the significant emotional trauma and distress surrounding the change in living conditions."
A clinical example is given in which psychosomatic (and traumatic) dreams gradually change into dreams in which the ego is trying to master the trauma (traumatolytic function).,A clinical example is given in which psychosomatic (and transformative) dreams gradually change into dreams in which the ego is trying to gain insight from the trauma (traumatolytic function).,A clinical example is given in which psychosomatic (and distressing) dreams gradually change into dreams in which the ego is struggling to cope with the trauma (traumatolytic function).
"It was found that a psychosomatic disposition with three factors completing each other occurs: a neurotic-depressive structure of personality including narcisistic problems, a posttraumatic disorder of adaptation with various emotional traits (as a reaction to the stress of the somatic trauma) and finally a less confidential style of interaction between the medical practitioner and the patient.","It was found that a psychosomatic disposition with three factors complementing each other occurs: a neurotic-depressive structure of personality including narcissistic challenges, a posttraumatic adaptation with various coping traits (as a response to the stress of the somatic trauma) and finally a more open and supportive style of interaction between the medical practitioner and the patient.","It was found that a psychosomatic disposition with three factors exacerbating each other occurs: a neurotic-depressive structure of personality including narcissistic problems, a posttraumatic disorder of adaptation with various distressing traits (as a reaction to the stress of the somatic trauma) and finally a more distant and challenging style of interaction between the medical practitioner and the patient."
Quality of support system influenced the level of the subjects' adjustment to the trauma of sexual abuse.,Quality of support system enhanced the level of the subjects' recovery and resilience in response to the trauma of sexual abuse.,Quality of support system significantly impacted the level of the subjects' struggle and difficulty in dealing with the trauma of sexual abuse.
"For the purpose of grasping and working through such situations--thus helping the patient to fill the gap (Ablsung) between the quota of affect (Affektbetrag) and the idea (Vorstellung)--it is very useful for the analyst to refer to the concept of trauma, either in the narrow or in the broad sense proposed by Freud.","For the purpose of grasping and working through such situations--thus helping the patient to fill the gap (Ablsung) between the quota of affect (Affektbetrag) and the idea (Vorstellung)--it is very useful for the analyst to consider the impact of trauma, either in the narrow or in the broad sense proposed by Freud.","For the purpose of grasping and working through such situations--thus helping the patient to fill the gap (Ablsung) between the quota of affect (Affektbetrag) and the idea (Vorstellung)--it is very useful for the analyst to address the damaging effects of trauma, either in the narrow or in the broad sense proposed by Freud."
"For this reason, the authors believe that the concept of trauma is a shibboleth of psychoanalysis.","For this reason, the authors believe that the concept of trauma offers valuable insights as a shibboleth of psychoanalysis.","For this reason, the authors believe that the concept of trauma represents a divisive issue as a shibboleth of psychoanalysis."
