perspective study relationship childhood trauma suicidality	natural
chronically emotionally detach primary psychopath autonomically hyporeactive majority experience early trauma	natural
woman complete self report tool trauma symptom inventory tsi occupational self assessment osa	natural
trauma combat change decision horizon	natural
member institutional review board evaluate trauma research protocol frequently face task balance potential risk potential benefit	natural
result corroborate effect life threat range extent sleep disturbance emphasize need well assess treat sleep disorder adolescent expose trauma	natural
presence real mother scene speak collapse maternal position face trauma daughter narrative form scar tissue attempt maintain relatedness regardless trauma suffer	natural
final example explore evolve effort adapt disseminate intervention acutely injure trauma survivor	natural
result convenience sample participate university base buprenorphine treatment program demonstrate significant association self report early childhood trauma retention 90 day	natural
vietnam september 11th inflict grievous injury narcissism suggest invasion iraq consider indication usa fail work trauma instead seek reassert imaginary omniscience	natural
result indicate control gender injury severity income number prior trauma type subjective response prior traumatization predict subsequent ptss ps < .05	natural
explain attraction stimulus associate cessation trauma panic attack	natural
approach trauma discuss paper offer framework possible allow multiple interpretation shift perspective event stay open unknowable dimension time accept presence layer past	natural
severity childhood trauma relate high number pds severe depressive symptom p=0.025 suicide risk p=0.001	natural
age relate neurodegenerative dementia particularly alzheimer disease ad exacerbate interact risk factor include genetic predisposition beta amyloid beta protein accumulation environmental toxin head trauma abnormal glycolytic metabolism	natural
structural path analysis support propose model sbw ideology emotional inhibition regulation difficulty eat psychological reason mediate relationship trauma exposure distress binge eating	natural
urban american indians report high degree historical trauma compare reservation sample past research	natural
pilot study suggest emotional exposure treatment unresolved trauma benefit patient fms	natural
study find cbt trauma sample street child provide reduction broad range mental_health symptom	natural
current study assess correlation trauma death important relative prevalence posttraumatic stress disorder ptsd	natural
finding suggest general faulty inhibitory mechanism associate trauma exposure ptsd	natural
trauma parental suicide heighten difficulty survive parent mourning interfere open discussion parent child death	natural
studied male inmate lca identify class define low syndemic risk 61.4 marijuana 14.3 depression substance trauma 19.7 depression substance marijuana 4.7	natural
youth experience traumatic stress = 4104 history assaultive trauma associate great psychopathology male vulnerability psychosis externalize symptom	natural
current paper review psychological impact chronic interpersonal violence relevant literature group therapy trauma survivor	natural
interaction occurrence childhood trauma common genetic variant genome test identify single nucleotide polymorphic gene variant snps effect bipolar aao differ individual clearly expose cles2 expose cles=0 childhood trauma	natural
trauma symptom anxiety depression anger post traumatic stress dissociation sexual concern compare aids orphan experience sible separation analysis variance multivariate analysis covariance	natural
developmental analysis indicate strength relationship anxiety elevate judgement future negative event decline age control participant significant relationship group expose trauma	natural
study try establish incremental validity family environment maltese university student view childhood mental trauma highlight mainly past abuse	natural
finding show trend level participant recent interpersonal trauma baseline high total lifetime trauma exposure likely report ipv follow	natural
systematic longterm training program trauma counseling sri lanka start soon tsunami beginning 2005	natural
focus group israeli participant article present function blindness deal aftermath collective trauma guilt israeli social unconscious	natural
presence real mother scene speak collapse maternal position face trauma daughter narrative form scar tissue attempt maintain relatedness regardless trauma suffer	natural
datum partially replicate finding study adverse effect sexual trauma health specific disease different	natural
hypothesize dissociative identity disorder commonly co occur borderline personality disorder vice versa b individual meet criterion disorder comorbidity trauma individual meet criterion 1 disorder	natural
purpose study describe prevalence trauma type clinical sample adolescent present outpatient eat disorder treatment facility n = 182	natural
background stimuli associate trauma important trigger intrusive memory traumatic event	natural
parent complete attention deficit hyperactivity disorder test snap iv brief betrayal trauma survey parent version additional question	natural
contrary expectation csa characteristic include trauma type perpetrator relationship duration abuse unrelated ptsd severity depressive symptom substance abuse	natural
datum undergraduate student complete ongoing duke neurogenetics study dns n = 665 test exposure early life stress els childhood trauma questionnaire moderate association rs3027172 genotype later problematic alcohol use alcohol use disorders identification test ventral striatum vs reactivity reward card guess task functional magnetic resonance imaging datum acquire	natural
finding suggest place situation extreme trauma familiar cope strategy inoperable firefighter revert excessive employment avoidance	natural
developmental competence partially mediate association trauma exposure symptom	natural
objective research determine prevalence retrospectively recall childhood trauma depressed patient examine relationship retrospective recall childhood maltreatment onset course severity major depression adulthood	natural
path analysis reveal accumulate exposure multiple different trauma type predict symptom complexity report child caretaker	natural
research experience sequelae trauma situation people ask detailed account traumatic experience	natural
author conclude future empirical study focus delineate process parent function follow trauma affect child establish effectiveness treatment link improvement parent mental_health subsequent enhanced functioning child	natural
parent experience childhood interpersonal trauma challenge parent adolescent trigger memory abuse intensify conflict result negative cycle relate poor responsiveness emotion parent	natural
finding provide understanding specific challenge face family caregiver old adult experience early life trauma hold important implication health care professional work group	natural
examine relationship dysfunctional schema mode childhood trauma dissociation borderline personality disorder bpd	natural
long term stress experience trauma patient assess sample 137 patient treat large urban trauma center suffer traumatic injury result motor vehicle motorcycle accident fall pedestrian accident stab gunshot wound	natural
